Size,Type,Nodes,Edges,RAM_MB,NumThreads,Time_Load_s,Time_VF2_s,Time_Total_s,Seq_Time_s,Speedup,Efficiency,Overhead,Throughput_MB_s
1MB,iso,1200,61934,1.00,1,0.099370,0.014375,0.113771,0.013188,0.9174,91.00,0.001187,69.5652
1MB,iso,1200,61934,1.00,2,0.065341,0.015124,0.080504,0.013188,0.8719,43.00,0.017060,66.1200
1MB,iso,1200,61934,1.00,4,0.067663,0.021689,0.089388,0.013188,0.6080,15.00,0.073568,46.1063
1MB,diff,1200,61934,1.00,1,0.111791,0.001236,0.113061,0.000495,0.4004,40.00,0.000741,809.0614
1MB,diff,1200,61934,1.00,2,0.080710,0.003255,0.084006,0.000495,0.1520,7.00,0.006015,307.2196
1MB,diff,1200,61934,1.00,4,0.076969,0.009054,0.086059,0.000495,0.0546,1.00,0.035721,110.4484
50MB,iso,10000,3246798,50.00,1,5.031638,2.597117,7.628847,3.153786,1.2143,121.00,-0.556669,19.2521
50MB,iso,10000,3246798,50.00,2,3.739241,2.669880,6.409205,3.153786,1.1812,59.00,2.185974,18.7274
50MB,iso,10000,3246798,50.00,4,3.536778,3.151980,6.688841,3.153786,1.0005,25.00,9.454134,15.8630
50MB,diff,10000,3246798,50.00,1,5.104241,0.100353,5.204667,0.033645,0.3352,33.00,0.066708,498.2412
50MB,diff,10000,3246798,50.00,2,3.450842,0.172022,3.623030,0.033645,0.1955,9.00,0.310399,290.6604
50MB,diff,10000,3246798,50.00,4,3.573302,0.611161,4.184540,0.033645,0.0550,1.00,2.410999,81.8115
100MB,iso,15000,6508598,100.00,1,10.108513,7.088578,17.197205,8.509872,1.2005,120.00,-1.421294,14.1072
100MB,iso,15000,6508598,100.00,2,7.926206,7.304544,15.230867,8.509872,1.1650,58.00,6.099216,13.6901
100MB,iso,15000,6508598,100.00,4,7.110073,8.405132,15.515308,8.509872,1.0124,25.00,25.110656,11.8974
100MB,diff,15000,6508598,100.00,1,10.157411,0.171215,10.328855,0.039752,0.2321,23.00,0.131463,584.0609
100MB,diff,15000,6508598,100.00,2,7.680919,0.311544,7.992633,0.039752,0.1275,6.00,0.583336,320.9819
100MB,diff,15000,6508598,100.00,4,7.724352,1.346837,9.071294,0.039752,0.0295,0.00,5.347596,74.2480
200MB,iso,20000,13047198,200.00,1,20.754291,19.271679,40.027067,23.315127,1.2098,120.00,-4.043448,10.3779
200MB,iso,20000,13047198,200.00,2,15.161418,19.851181,35.012730,23.315127,1.1744,58.00,16.387235,10.0749
200MB,iso,20000,13047198,200.00,4,15.367091,21.714514,37.081814,23.315127,1.0737,26.00,63.542929,9.2104
200MB,diff,20000,13047198,200.00,1,20.755874,0.472712,21.228829,0.078139,0.1652,16.00,0.394573,423.0905
200MB,diff,20000,13047198,200.00,2,16.234314,0.721905,16.956377,0.078139,0.1082,5.00,1.365671,277.0447
200MB,diff,20000,13047198,200.00,4,14.916877,2.402863,17.319885,0.078139,0.0325,0.00,9.533313,83.2340
500MB,iso,30000,32677998,500.00,1,54.335818,72.183445,126.520744,89.271071,1.2367,123.00,-17.087626,6.9267
500MB,iso,30000,32677998,500.00,2,40.730036,75.298530,116.028923,89.271071,1.1855,59.00,61.325989,6.6402
500MB,iso,30000,32677998,500.00,4,57.550917,82.296076,139.848697,89.271071,1.0847,27.00,239.913233,6.0756
500MB,diff,30000,32677998,500.00,1,60.950808,1.678597,62.630391,0.197371,0.1175,11.00,1.481226,297.8678
500MB,diff,30000,32677998,500.00,2,45.353590,1.676045,47.029940,0.197371,0.1177,5.00,3.154719,298.3213
500MB,diff,30000,32677998,500.00,4,53.900374,5.571445,59.472317,0.197371,0.0354,0.00,22.088409,89.7433
