Optimizer,NumThreads,Isomorphic,Time_Load_s,Time_VF2_s,Time_Total_s,RAM_Graph_MB,Parallel_Time_s,Candidates_Explored
O0,1,1,0.082525,0.042604,0.125692,1.00,0.042061,1
O0,2,1,0.060006,0.041100,0.101127,1.00,0.040532,1
O0,4,1,0.062142,0.041452,0.103615,1.00,0.040916,1
O0,8,1,0.063993,0.042613,0.106627,1.00,0.041984,1
O0,0,0,0.073295,0.000000,0.073318,0.95,0.000000,0
O0,0,0,0.059025,0.000000,0.059048,0.95,0.000000,0
O0,0,0,0.061923,0.000000,0.061945,0.95,0.000000,0
O0,0,0,0.057841,0.000000,0.057864,0.95,0.000000,0
O0,1,1,4.397071,10.126216,14.523372,50.00,10.101908,1
O0,2,1,3.124540,9.819670,12.944344,50.00,9.795423,1
O0,4,1,3.187915,9.741575,12.929564,50.00,9.719615,1
O0,8,1,3.179176,9.764258,12.943512,50.00,9.742147,1
O0,0,0,3.930247,0.000000,3.930321,47.52,0.000000,0
O0,0,0,2.732651,0.000000,2.732727,47.52,0.000000,0
O0,0,0,2.874966,0.000000,2.875041,47.52,0.000000,0
O0,0,0,2.830622,0.000000,2.830702,47.52,0.000000,0
O0,1,1,8.554230,25.506977,34.061317,100.00,25.460947,1
O0,2,1,6.729231,25.841658,32.570989,100.00,25.797898,1
O0,4,1,6.250493,25.393289,31.643963,100.00,25.347547,1
O0,8,1,6.255169,25.388079,31.643356,100.00,25.341997,1
O0,0,0,7.637712,0.000000,7.637896,95.03,0.000000,0
O0,0,0,7.927960,0.000000,7.928076,95.03,0.000000,0
O0,0,0,7.375041,0.000000,7.375152,95.03,0.000000,0
O0,0,0,7.601397,0.000000,7.601509,95.03,0.000000,0
O0,1,1,29.789937,69.871902,99.662272,200.00,69.783710,1
O0,2,1,31.542055,70.785244,102.327972,200.00,70.672404,1
O0,4,1,22.884229,69.087026,91.971648,200.00,68.986781,1
O0,8,1,15.163723,68.814393,83.978527,200.00,68.725263,1
O0,0,0,18.807074,0.000000,18.807316,190.05,0.000000,0
O0,0,0,12.933597,0.000000,12.933768,190.05,0.000000,0
O0,0,0,13.170396,0.000000,13.170542,190.05,0.000000,0
O0,0,0,13.700031,0.000000,13.700260,190.05,0.000000,0
O0,1,1,47.386323,281.713491,329.100531,500.00,281.475394,1
O0,2,1,45.833550,289.925643,335.760773,500.00,289.595724,1
O3,4,1,0.120930,0.014446,0.136309,1.00,0.014098,1
O3,0,0,0.118919,0.000000,0.118969,0.95,0.000000,0
O0,1,1,0.089101,0.032442,0.121678,1.00,0.031754,1
O0,2,1,0.068526,0.306137,0.374688,1.00,0.305465,1
O0,4,1,0.245086,0.032828,0.277936,1.00,0.031795,1
O0,8,1,0.051686,0.061453,0.113165,1.00,0.060827,1
O0,0,0,0.061825,0.000000,0.061856,0.95,0.000000,0
O0,0,0,0.044775,0.000000,0.044802,0.95,0.000000,0
O0,0,0,0.046031,0.000000,0.046054,0.95,0.000000,0
O0,0,0,0.048025,0.000000,0.048048,0.95,0.000000,0
O0,1,1,4.598669,2.804909,7.403730,50.00,2.782916,1
O0,2,1,3.122184,2.753739,5.876043,50.00,2.728144,1
O0,4,1,3.371099,2.915855,6.287044,50.00,2.890907,1
O0,8,1,4.135623,3.967240,8.102962,50.00,3.942565,1
O0,0,0,4.051751,0.000000,4.051828,47.52,0.000000,0
O0,0,0,3.301449,0.000000,3.301523,47.52,0.000000,0
O0,0,0,3.466300,0.000000,3.466378,47.52,0.000000,0
O0,0,0,3.833333,0.000000,3.833492,47.52,0.000000,0
O0,1,1,11.371298,9.643922,21.015375,100.00,9.589595,1
O0,2,1,7.221716,7.355531,14.577356,100.00,7.310408,1
O0,4,1,7.186088,7.622720,14.808976,100.00,7.578775,1
O0,8,1,7.136757,10.166612,17.303494,100.00,10.123081,1
O0,0,0,9.484615,0.000000,9.484863,95.03,0.000000,0
O0,0,0,7.919161,0.000000,7.919279,95.03,0.000000,0
O0,0,0,7.251755,0.000000,7.251927,95.03,0.000000,0
O0,0,0,7.441250,0.000000,7.441373,95.03,0.000000,0
O0,1,1,17.794875,19.362095,37.157186,200.00,19.263983,1
O0,2,1,14.665107,19.494069,34.159506,200.00,19.391920,1
O0,4,1,20.831130,25.704581,46.535925,200.00,25.564697,1
O0,8,1,21.191058,30.192105,51.383945,200.00,30.029125,1
O0,0,0,20.395470,0.000000,20.395811,190.05,0.000000,0
O0,0,0,17.366004,0.000000,17.366351,190.05,0.000000,0
O0,0,0,17.276567,0.000000,17.276766,190.05,0.000000,0
O0,0,0,16.052054,0.000000,16.052220,190.05,0.000000,0
O3,4,1,10.078219,4.651258,14.729831,100.00,4.628121,1
O3,4,1,6.226031,4.306607,10.532775,100.00,4.291700,1
O3,1,1,0.105866,0.008277,0.114168,1.00,0.008010,1
O3,2,1,0.063238,0.011297,0.074557,1.00,0.011030,1
O3,4,1,0.097040,0.023630,0.120694,1.00,0.023352,1
O3,0,0,0.157441,0.000000,0.157469,0.95,0.000000,0
O3,0,0,0.074470,0.000000,0.074507,0.95,0.000000,0
O3,0,0,0.062167,0.000000,0.062189,0.95,0.000000,0
O3,1,1,4.602964,1.336401,5.939423,50.00,1.328760,1
O3,2,1,3.118662,1.426304,4.545030,50.00,1.418531,1
O3,4,1,3.381475,1.639423,5.020957,50.00,1.627909,1
O3,0,0,4.146182,0.000000,4.146258,47.52,0.000000,0
O3,0,0,3.073765,0.000000,3.073820,47.52,0.000000,0
O3,0,0,3.192439,0.000000,3.192493,47.52,0.000000,0
O3,1,1,6.901834,3.816608,10.718555,100.00,3.801400,1
O3,2,1,7.059156,3.756519,10.815746,100.00,3.741979,1
O3,4,1,6.658824,4.592855,11.251746,100.00,4.576893,1
O3,0,0,9.632563,0.000000,9.632639,95.03,0.000000,0
O3,0,0,6.308249,0.000000,6.308403,95.03,0.000000,0
O3,0,0,6.175427,0.000000,6.175509,95.03,0.000000,0
O3,1,1,17.225784,9.346164,26.572027,200.00,9.321093,1
O3,2,1,15.367201,10.159494,25.526904,200.00,10.108259,1
O3,4,1,14.482194,11.956684,26.438988,200.00,11.930878,1
O3,0,0,27.335284,0.000000,27.335401,190.05,0.000000,0
O3,0,0,18.768886,0.000000,18.769064,190.05,0.000000,0
O3,0,0,16.430489,0.000000,16.430789,190.05,0.000000,0
O3,1,1,58.328638,37.249899,95.578774,500.00,37.151308,1
O3,2,1,43.882794,32.825814,76.709557,500.00,32.705313,1
O3,4,1,42.785392,43.380918,86.166815,500.00,43.086396,1
O3,0,0,47.210001,0.000016,47.210490,475.07,0.000000,0
O3,0,0,30.966990,0.000000,30.967153,475.07,0.000000,0
O3,0,0,32.055114,0.000000,32.055322,475.07,0.000000,0
O3,1,1,0.086951,0.007121,0.094698,1.00,0.007121,0
O3,2,1,0.057145,0.007918,0.065092,1.00,0.007918,0
O3,4,1,0.063314,0.019015,0.082359,1.00,0.019015,0
O3,1,0,0.088775,0.000000,0.088829,0.95,0.000000,0
O3,2,0,0.063854,0.000000,0.063892,0.95,0.000000,0
O3,4,0,0.059893,0.000001,0.059932,0.95,0.000001,0
O3,1,1,4.196441,1.433389,5.629968,50.00,1.433389,0
O3,2,1,3.349244,1.466223,4.815595,50.00,1.466223,0
O3,4,1,3.180199,1.967547,5.147806,50.00,1.967547,0
O3,1,0,3.894577,0.000000,3.894638,47.52,0.000000,0
O3,2,0,2.782378,0.000000,2.782446,47.52,0.000000,0
O3,4,0,2.877456,0.000000,2.877511,47.52,0.000000,0
O3,1,1,8.458068,3.605975,12.064122,100.00,3.605975,0
O3,2,1,6.968624,3.828163,10.796868,100.00,3.828163,0
O3,4,1,6.911263,5.057336,11.968682,100.00,5.057336,0
O3,1,0,8.492254,0.000000,8.492331,95.03,0.000000,0
O3,2,0,6.072977,0.000000,6.073055,95.03,0.000000,0
O3,4,0,5.972657,0.000000,5.972735,95.03,0.000000,0
O3,1,1,17.160717,9.354790,26.516101,200.00,9.354790,0
O3,2,1,13.696132,9.759037,23.455271,200.00,9.759037,0
O3,4,1,13.506840,11.889785,25.396724,200.00,11.889785,0
O3,1,0,17.948795,0.000000,17.948890,190.05,0.000000,0
O3,2,0,12.549858,0.000000,12.550149,190.05,0.000000,0
O3,4,0,12.697058,0.000000,12.697315,190.05,0.000000,0
O3,1,1,45.018376,32.112577,77.131100,500.00,32.112577,0
O3,2,1,48.418808,33.219574,81.639240,500.00,33.219574,0
O3,4,1,45.998987,45.624691,91.624958,500.00,45.624691,0
O3,1,0,43.538254,0.000000,43.539427,475.07,0.000000,0
O3,2,0,31.963145,0.000000,31.963377,475.07,0.000000,0
O3,4,0,39.207770,0.000000,39.208079,475.07,0.000000,0
O3,1,1,0.078304,0.007845,0.086310,1.00,0.007845,0
O3,2,1,0.069597,0.013920,0.083567,1.00,0.013920,0
O3,4,1,0.055925,0.018751,0.074709,1.00,0.018751,0
O3,1,0,0.072601,0.000000,0.072635,0.95,0.000000,0
O3,2,0,0.056267,0.000000,0.056301,0.95,0.000000,0
O3,4,0,0.054380,0.000000,0.054410,0.95,0.000000,0
O3,1,1,3.926701,1.360383,5.287291,50.00,1.360383,0
O3,2,1,2.961655,1.476105,4.437822,50.00,1.476105,0
O3,4,1,3.061189,2.149580,5.210833,50.00,2.149580,0
O3,1,0,6.245542,0.000000,6.245640,47.52,0.000000,0
O3,2,0,3.056341,0.000000,3.056459,47.52,0.000000,0
O3,4,0,2.943880,0.000000,2.943942,47.52,0.000000,0
O3,1,1,11.081543,4.018071,15.099701,100.00,4.018071,0
O3,2,1,7.851623,5.053388,12.905140,100.00,5.053388,0
O3,4,1,7.968090,5.565519,13.533699,100.00,5.565519,0
O3,1,0,10.339850,0.000000,10.339923,95.03,0.000000,0
O3,2,0,8.839386,0.000000,8.839627,95.03,0.000000,0
O3,4,0,9.375853,0.000001,9.376538,95.03,0.000001,0
O3,1,1,32.290769,12.238999,44.530209,200.00,12.238999,0
O3,2,1,17.488143,10.402384,27.890626,200.00,10.402384,0
O3,4,1,14.765474,12.044705,26.810345,200.00,12.044705,0
O3,1,1,0.076979,0.007302,0.084541,1.00,0.007302,0
O3,2,1,0.064551,0.010196,0.074774,1.00,0.010196,0
O3,4,1,0.070361,0.024096,0.094481,1.00,0.024096,0
O3,1,0,0.066398,0.000000,0.066428,0.95,0.000000,0
O3,2,0,0.054753,0.000000,0.054780,0.95,0.000000,0
O3,4,0,0.056117,0.000000,0.056140,0.95,0.000000,0
O3,1,1,3.698933,1.345196,5.044388,50.00,1.345196,0
O3,2,1,3.069268,1.595063,4.664386,50.00,1.595063,0
O3,4,1,2.923063,2.119694,5.042827,50.00,2.119694,0
O3,1,0,4.125087,0.000000,4.125142,47.52,0.000000,0
O3,2,0,2.842729,0.000000,2.842792,47.52,0.000000,0
O3,4,0,3.233298,0.000000,3.233355,47.52,0.000000,0
O3,1,1,8.538778,3.580356,12.119211,100.00,3.580356,0
O3,2,1,6.613617,3.881864,10.495561,100.00,3.881864,0
O3,4,1,6.855457,4.961587,11.817300,100.00,4.961587,0
O3,1,0,10.337259,0.000000,10.337347,95.03,0.000000,0
O3,2,0,6.394031,0.000000,6.394102,95.03,0.000000,0
O3,4,0,6.454804,0.000000,6.454877,95.03,0.000000,0
O3,1,1,17.952804,9.536899,27.490042,200.00,9.536899,0
O3,2,1,13.628579,9.726261,23.355014,200.00,9.726261,0
O3,4,1,13.493789,11.884415,25.378311,200.00,11.884415,0
O3,1,0,16.285680,0.000000,16.285766,190.05,0.000000,0
O3,2,0,13.088145,0.000000,13.088391,190.05,0.000000,0
O3,4,0,13.018211,0.000000,13.018307,190.05,0.000000,0
O3,1,1,44.511776,32.152910,76.665050,500.00,32.152910,0
O3,2,1,44.003768,33.263780,77.267724,500.00,33.263780,0
O3,4,1,41.612609,42.384695,83.998028,500.00,42.384695,0
O3,1,0,42.412944,0.000000,42.414557,475.07,0.000000,0
O3,2,0,30.649369,0.000000,30.649505,475.07,0.000000,0
O3,4,0,31.003082,0.000000,31.003228,475.07,0.000000,0
O3,4,0,37.818655,0.000000,37.820396,300.00,0.000000,0
O3,4,1,7.423032,4.823468,12.246656,100.00,4.823468,0
