Size,Type,Nodes,Edges,RAM_MB,NumProcs,Time_Load_s,Time_VF2_s,Time_Total_s,Seq_Time_s,Speedup,Efficiency,Overhead
1MB,iso,1200,61934,1.00,2,0.098767,0.006763,0.106030,0.009879,1.4607,73.00,.003647
1MB,iso,1200,61934,1.00,4,0.084390,0.007208,0.093177,0.009879,1.3705,34.00,.018953
1MB,diff,1200,61934,0.95,2,0.071492,0.000000,0.072066,0.000000,0,0,0
1MB,diff,1200,61934,0.95,4,0.068096,0.000000,0.068203,0.000000,0,0,0
50MB,iso,10000,3246798,50.00,2,10.605919,1.434976,12.041379,1.413916,.9853,49.00,1.456036
50MB,iso,10000,3246798,50.00,4,4.054408,1.372137,5.439493,1.413916,1.0304,25.00,4.074632
50MB,diff,10000,3246798,47.52,2,7.292447,0.000000,7.293410,0.000000,0,0,0
50MB,diff,10000,3246798,47.52,4,3.870971,0.000000,3.886315,0.000000,0,0,0
100MB,iso,15000,6508598,100.00,2,9.861595,3.617464,13.479194,3.848539,1.0638,53.00,3.386389
100MB,iso,15000,6508598,100.00,4,8.951188,3.702244,12.690238,3.848539,1.0395,25.00,10.960437
100MB,diff,15000,6508598,95.03,2,9.221266,0.000000,9.221998,0.000000,0,0,0
100MB,diff,15000,6508598,95.03,4,8.729936,0.000000,8.730101,0.000000,0,0,0
200MB,iso,20000,13047198,200.00,2,21.072339,9.480390,30.555288,9.808638,1.0346,51.00,9.152142
200MB,iso,20000,13047198,200.00,4,18.388377,10.061556,28.502517,9.808638,.9748,24.00,30.437586
200MB,diff,20000,13047198,190.05,2,19.234621,0.000000,19.252701,0.000000,0,0,0
200MB,diff,20000,13047198,190.05,4,18.268609,0.000001,18.310906,0.000000,0,0,.000004
500MB,iso,30000,32677998,500.00,2,55.674116,32.241298,87.915662,32.612141,1.0115,50.00,31.870455
500MB,iso,30000,32677998,500.00,4,65.533907,38.876195,104.411431,32.612141,.8388,20.00,122.892639
500MB,diff,30000,32677998,475.07,2,54.332981,0.000001,54.334260,0.000000,0,0,.000002
500MB,diff,30000,32677998,475.07,4,51.990635,0.000000,51.991003,0.000000,0,0,0
