Optimizer, NumProcs, Isomorphic, Time_Load_s, Time_VF2_s, Time_Total_s, RAM_Graph_MB, Compute_Time_s, Comm_Time_s
O0       ,        2,          1,    0.082743,   0.012935,     0.096404,         1.00,       0.012226,    0.000124
O0       ,        4,          1,    0.080665,   0.012617,     0.097486,         1.00,       0.011798,    0.000229
O0       ,        2,          0,    0.076521,   0.000001,     0.076892,         0.95,       0.000000,    0.000000
O0       ,        4,          0,    0.072972,   0.000001,     0.073824,         0.95,       0.000000,    0.000000
O0       ,        2,          1,    4.659586,   2.694610,     7.354562,        50.00,       2.671530,    0.000068
O0       ,        4,          1,    4.346453,   2.707941,     7.093644,        50.00,       2.684793,    0.000167
O0       ,        2,          0,    4.300029,   0.000000,     4.300475,        47.52,       0.000000,    0.000000
O0       ,        4,          0,    4.417002,   0.000000,     4.432559,        47.52,       0.000000,    0.000000
O0       ,        2,          1,    9.560104,   7.469371,    17.030321,       100.00,       7.408198,    0.000187
O0       ,        4,          1,    9.275752,   7.721737,    17.075166,       100.00,       7.661614,    0.000105
O0       ,        2,          0,   10.944228,   0.000000,    10.945306,        95.03,       0.000000,    0.000000
O0       ,        4,          0,    9.850458,   0.000000,     9.850664,        95.03,       0.000000,    0.000000
O0       ,        2,          1,   24.187326,  20.975138,    45.163471,       200.00,      20.876027,    0.000131
O0       ,        4,          1,   21.479566,  22.708343,    44.188300,       200.00,      22.567626,    0.000284
O0       ,        2,          0,   23.788197,   0.000000,    23.788765,       190.05,       0.000000,    0.000000
O0       ,        4,          0,   20.451293,   0.000000,    20.666968,       190.05,       0.000000,    0.000000
O0       ,        2,          1,   66.151509,  75.240076,   141.392460,       500.00,      74.783105,    0.000101
O0       ,        4,          1,   78.384199,  95.290152,   173.681835,       500.00,      94.988554,    0.005337
O0       ,        2,          0,   57.907866,   0.000000,    57.909600,       475.07,       0.000000,    0.000000
O0       ,        4,          0,   53.755870,   0.000000,    53.757303,       475.07,       0.000000,    0.000000
O1       ,        2,          1,    0.149663,   0.007881,     0.158126,         1.00,       0.007042,    0.000535
O1       ,        4,          1,    0.110200,   0.010708,     0.122224,         1.00,       0.010019,    0.000132
O1       ,        2,          0,    0.105500,   0.000000,     0.105959,         0.95,       0.000000,    0.000000
O1       ,        4,          0,    0.071015,   0.000000,     0.071823,         0.95,       0.000000,    0.000000
O1       ,        2,          1,   20.311993,   1.356866,    21.669449,        50.00,       1.347706,    0.000054
O1       ,        4,          1,    5.037699,   1.528264,     6.566942,        50.00,       1.517654,    0.000211
O1       ,        2,          0,    4.584300,   0.000000,     4.585156,        47.52,       0.000000,    0.000000
O1       ,        4,          0,    3.831527,   0.000000,     3.831693,        47.52,       0.000000,    0.000000
O1       ,        2,          1,    8.983946,   3.605938,    12.590083,       100.00,       3.587350,    0.000113
O1       ,        4,          1,    8.830504,   3.840326,    12.670987,       100.00,       3.820927,    0.000171
O1       ,        2,          0,    9.190964,   0.000000,     9.191106,        95.03,       0.000000,    0.000000
O1       ,        4,          0,    8.670583,   0.000000,     8.683808,        95.03,       0.000000,    0.000000
O1       ,        2,          1,   19.620381,   9.378813,    28.999372,       200.00,       9.346063,    0.000100
O1       ,        4,          1,   20.570556,  10.081312,    30.652081,       200.00,      10.038726,    0.000252
O1       ,        2,          0,   19.164977,   0.000000,    19.165354,       190.05,       0.000000,    0.000000
O1       ,        4,          0,   18.781757,   0.000000,    18.865698,       190.05,       0.000000,    0.000000
O1       ,        2,          1,   54.486076,  32.115938,    86.602834,       500.00,      32.029169,    0.000062
O1       ,        4,          1,   74.260834,  36.266695,   110.531542,       500.00,      35.551353,    0.001762
O1       ,        2,          0,   64.214073,   0.000000,    64.235327,       475.07,       0.000000,    0.000000
O1       ,        4,          0,   50.599676,   0.000000,    50.600517,       475.07,       0.000000,    0.000000
O2       ,        2,          1,    0.098767,   0.006763,     0.106030,         1.00,       0.006215,    0.000272
O2       ,        4,          1,    0.084390,   0.007208,     0.093177,         1.00,       0.006738,    0.000133
O2       ,        2,          0,    0.071492,   0.000000,     0.072066,         0.95,       0.000000,    0.000000
O2       ,        4,          0,    0.068096,   0.000000,     0.068203,         0.95,       0.000000,    0.000000
O2       ,        2,          1,   10.605919,   1.434976,    12.041379,        50.00,       1.424429,    0.000052
O2       ,        4,          1,    4.054408,   1.372137,     5.439493,        50.00,       1.361732,    0.000217
O2       ,        2,          0,    7.292447,   0.000000,     7.293410,        47.52,       0.000000,    0.000000
O2       ,        4,          0,    3.870971,   0.000000,     3.886315,        47.52,       0.000000,    0.000000
O2       ,        2,          1,    9.861595,   3.617464,    13.479194,       100.00,       3.602597,    0.000058
O2       ,        4,          1,    8.951188,   3.702244,    12.690238,       100.00,       3.683825,    0.000140
O2       ,        2,          0,    9.221266,   0.000000,     9.221998,        95.03,       0.000000,    0.000000
O2       ,        4,          0,    8.729936,   0.000000,     8.730101,        95.03,       0.000000,    0.000000
O2       ,        2,          1,   21.072339,   9.480390,    30.555288,       200.00,       9.454463,    0.000220
O2       ,        4,          1,   18.388377,  10.061556,    28.502517,       200.00,      10.031669,    0.000269
O2       ,        2,          0,   19.234621,   0.000000,    19.252701,       190.05,       0.000000,    0.000000
O2       ,        4,          0,   18.268609,   0.000001,    18.310906,       190.05,       0.000000,    0.000000
O2       ,        2,          1,   55.674116,  32.241298,    87.915662,       500.00,      32.142397,    0.000060
O2       ,        4,          1,   65.533907,  38.876195,   104.411431,       500.00,      37.705376,    0.002362
O2       ,        2,          0,   54.332981,   0.000001,    54.334260,       475.07,       0.000000,    0.000000
O2       ,        4,          0,   51.990635,   0.000000,    51.991003,       475.07,       0.000000,    0.000000
O3       ,        2,          1,    0.078591,   0.006816,     0.085632,         1.00,       0.006301,    0.000227
O3       ,        4,          1,    0.072982,   0.006714,     0.080377,         1.00,       0.006342,    0.000078
O3       ,        2,          0,    0.085696,   0.000000,     0.086417,         0.95,       0.000000,    0.000000
O3       ,        4,          0,    0.072004,   0.000000,     0.072107,         0.95,       0.000000,    0.000000
O3       ,        2,          1,    9.819519,   1.382011,    11.201939,        50.00,       1.374222,    0.000050
O3       ,        4,          1,    4.417776,   1.417988,     5.864755,        50.00,       1.408488,    0.000200
O3       ,        2,          0,    4.423111,   0.000000,     4.423526,        47.52,       0.000000,    0.000000
O3       ,        4,          0,    4.249397,   0.000000,     4.262242,        47.52,       0.000000,    0.000000
O3       ,        2,          1,   10.705370,   3.558719,    14.278705,       100.00,       3.543938,    0.000052
O3       ,        4,          1,    9.513635,   3.821431,    13.341301,       100.00,       3.804149,    0.000109
O3       ,        2,          0,    9.756754,   0.000000,     9.756897,        95.03,       0.000000,    0.000000
O3       ,        4,          0,    9.151056,   0.000000,     9.169802,        95.03,       0.000000,    0.000000
O3       ,        2,          1,   21.947613,   9.602071,    31.550315,       200.00,       9.575503,    0.000052
O3       ,        4,          1,   20.769580,  10.024297,    30.836144,       200.00,       9.980718,    0.000478
O3       ,        2,          0,   20.581030,   0.000000,    20.581633,       190.05,       0.000000,    0.000000
O3       ,        4,          0,   19.501297,   0.000000,    19.513851,       190.05,       0.000000,    0.000000
O3       ,        2,          1,   54.021939,  32.609931,    86.632519,       500.00,      32.537348,    0.000066
O3       ,        4,          1,   56.142282,  35.192504,    91.335270,       500.00,      34.942422,    0.000153
O3       ,        2,          0,   57.051359,   0.000000,    57.052228,       475.07,       0.000000,    0.000000
O3       ,        4,          0,   54.697930,   0.000000,    54.699059,       475.07,       0.000000,    0.000000
