Size,Type,Nodes,Edges,RAM_Graph_MB,Time_Load_s,Time_VF2_s,Time_Total_s,Isomorphic,Throughput_MB_s
1MB,iso,0,0,1.00,0.008988,0.004949,0.013990,1,202.0610
1MB,diff,0,0,1.00,0.009694,0.000293,0.010060,0,3412.9693
50MB,iso,0,0,50.00,0.444480,1.150927,1.595511,1,43.4432
50MB,diff,0,0,50.00,0.421779,0.007759,0.429633,0,6444.1294
100MB,iso,0,0,100.00,0.908113,3.028462,3.936689,1,33.0201
100MB,diff,0,0,100.00,0.937722,0.015688,0.953548,0,6374.2988
200MB,iso,0,0,200.00,1.911978,7.831835,9.743947,1,25.5368
200MB,diff,0,0,200.00,1.927663,0.030488,1.958279,0,6559.9580
500MB,iso,0,0,500.00,4.957719,26.170936,31.128907,1,19.1052
500MB,diff,0,0,500.00,4.536517,0.077167,4.613922,0,6479.4537
1MB,iso,0,0,1.00,0.009031,0.005037,0.014123,1,198.5309
1MB,diff,0,0,1.00,0.009558,0.000233,0.009848,0,4291.8455
50MB,iso,0,0,50.00,0.429684,1.168114,1.597911,1,42.8040
50MB,diff,0,0,50.00,0.442243,0.008189,0.450541,0,6105.7516
100MB,iso,0,0,100.00,0.883686,3.030183,3.913990,1,33.0013
100MB,diff,0,0,100.00,0.885911,0.015705,0.901745,0,6367.3989
200MB,iso,0,0,200.00,1.824008,8.353576,10.177743,1,23.9418
200MB,diff,0,0,200.00,1.896005,0.029104,1.925243,0,6871.9076
500MB,iso,0,0,500.00,5.025283,26.810370,31.835845,1,18.6495
500MB,diff,0,0,500.00,4.936332,0.076566,5.013076,0,6530.3137
