Optimizer,Isomorphic,Time_Load_s,Time_VF2_s,Time_Total_s,RAM_Graph_MB
O0,1,0.009399,0.013188,0.022655,1.00
O0,0,0.009797,0.000495,0.010348,1.00
O0,1,0.450811,3.153786,3.604717,50.00
O0,0,0.446625,0.033645,0.480423,50.00
O0,1,0.954860,8.509872,9.464868,100.00
O0,0,1.050827,0.039752,1.090715,100.00
O0,1,1.989179,23.315127,25.304478,200.00
O0,0,1.903891,0.078139,1.982206,200.00
O0,1,5.082568,89.271071,94.353880,500.00
O0,0,4.723618,0.197371,4.921195,500.00
O1,1,0.008988,0.004949,0.013990,1.00
O1,0,0.009694,0.000293,0.010060,1.00
O1,1,0.444480,1.150927,1.595511,50.00
O1,0,0.421779,0.007759,0.429633,50.00
O1,1,0.908113,3.028462,3.936689,100.00
O1,0,0.937722,0.015688,0.953548,100.00
O1,1,1.911978,7.831835,9.743947,200.00
O1,0,1.927663,0.030488,1.958279,200.00
O1,1,4.957719,26.170936,31.128907,500.00
O1,0,4.536517,0.077167,4.613922,500.00
O2,1,0.010484,0.005027,0.015578,1.00
O2,0,0.011396,0.000221,0.011681,1.00
O2,1,0.536946,1.189003,1.726057,50.00
O2,0,0.481267,0.006480,0.487836,50.00
O2,1,1.012295,3.025947,4.038354,100.00
O2,0,1.019059,0.012959,1.032151,100.00
O2,1,2.106288,8.695460,10.801905,200.00
O2,0,2.597899,0.028188,2.631114,200.00
O2,1,5.140580,25.185640,30.326368,500.00
O2,0,4.882275,0.048672,4.931110,500.00
O3,1,0.010473,0.004971,0.015497,1.00
O3,0,0.010733,0.000227,0.011016,1.00
O3,1,0.456092,1.064578,1.520768,50.00
O3,0,0.457820,0.006047,0.463958,50.00
O3,1,0.958099,2.858657,3.816872,100.00
O3,0,0.992246,0.012217,1.004581,100.00
O3,1,2.026723,7.392060,9.418930,200.00
O3,0,2.048475,0.022316,2.070922,200.00
O3,1,5.155974,25.068398,30.224542,500.00
O3,0,4.916193,0.049632,4.966000,500.00
O0,1,0.009280,0.012977,0.022317,1.00
O0,0,0.009986,0.000567,0.010630,1.00
O0,1,0.455867,3.077873,3.533850,50.00
O0,0,0.440271,0.020181,0.460561,50.00
O0,1,0.943027,8.020003,8.963198,100.00
O0,0,0.965446,0.041974,1.007561,100.00
O0,1,2.069012,22.467698,24.536878,200.00
O0,0,1.889575,0.077447,1.967189,200.00
O0,1,4.677352,87.797037,92.474598,500.00
O0,0,5.002767,0.194544,5.197523,500.00
O1,1,0.009031,0.005037,0.014123,1.00
O1,0,0.009558,0.000233,0.009848,1.00
O1,1,0.429684,1.168114,1.597911,50.00
O1,0,0.442243,0.008189,0.450541,50.00
O1,1,0.883686,3.030183,3.913990,100.00
O1,0,0.885911,0.015705,0.901745,100.00
O1,1,1.824008,8.353576,10.177743,200.00
O1,0,1.896005,0.029104,1.925243,200.00
O1,1,5.025283,26.810370,31.835845,500.00
O1,0,4.936332,0.076566,5.013076,500.00
O2,1,0.010267,0.004950,0.015267,1.00
O2,0,0.011268,0.000206,0.011524,1.00
O2,1,0.471746,1.162188,1.634033,50.00
O2,0,0.475965,0.006251,0.482313,50.00
O2,1,1.000709,3.092458,4.093280,100.00
O2,0,1.012969,0.012124,1.025208,100.00
O2,1,2.126359,8.062687,10.189185,200.00
O2,0,2.122812,0.022864,2.145814,200.00
O2,1,5.445843,27.025826,32.471879,500.00
O2,0,5.270339,0.061003,5.331523,500.00
O3,1,0.011274,0.005784,0.017126,1.00
O3,0,0.010791,0.000234,0.011087,1.00
O3,1,0.506563,1.241510,1.748190,50.00
O3,0,0.492188,0.007073,0.499367,50.00
O3,1,1.042156,3.454436,4.496731,100.00
O3,0,1.085892,0.012441,1.098461,100.00
O3,1,2.217743,9.431045,11.648936,200.00
O3,0,2.207774,0.024006,2.231924,200.00
O3,1,6.393868,28.427765,34.821849,500.00
O3,0,5.352148,0.052658,5.404995,500.00
