graph_type,nodes,edges,vf2pp_time_s,vf2_time_s,vf2pp_result,vf2_result,match
Random,100,474,0.077275,0.022788,True,True,True
Random,200,1963,0.068868,0.110475,True,True,True
Random,300,4475,0.064930,0.295485,True,True,True
Random,400,8051,0.072583,0.724371,True,True,True
Random,500,12575,0.066625,1.135801,True,True,True
Random,600,18010,0.078143,1.905279,True,True,True
Random,700,24510,0.095646,2.908777,True,True,True
Random,800,31982,0.111919,4.454911,True,True,True
Random,900,40478,0.095813,5.814745,True,True,True
Random,1000,49929,0.094907,7.619379,True,True,True
Sparse,100,89,0.068769,0.017995,True,True,True
Sparse,200,376,0.045455,0.191437,True,True,True
Sparse,300,889,0.044632,0.164167,True,True,True
Sparse,400,1579,0.072508,0.305188,True,True,True
Sparse,500,2437,0.068312,0.617147,True,True,True
Sparse,600,3546,0.074059,1.000471,True,True,True
Sparse,700,4834,0.086459,1.364334,True,True,True
Sparse,800,6319,0.106328,1.762911,True,True,True
Sparse,900,8058,0.075877,2.427163,True,True,True
Sparse,1000,9925,0.095981,2.875585,True,True,True
Complete,100,4950,0.077348,0.070185,True,True,True
Complete,200,19900,0.134381,0.458311,True,True,True
Complete,300,44850,0.451578,1.515409,True,True,True
