Size,Type,Nodes,Edges,RAM_MB,Threads,Time_Load_s,Time_VF2_s,Time_Total_s,Seq_Time_s,Speedup,Throughput_MB_s
1MB,iso,1200,61934,0,64,0,0,0,0.013188,0,0
1MB,diff,1200,61934,0,64,0,0,0,0.000495,0,0
50MB,iso,10000,3246798,0,64,0,0,0,3.153786,0,0
50MB,diff,10000,3246798,0,64,0,0,0,0.033645,0,0
100MB,iso,15000,6508598,0,64,0,0,0,8.509872,0,0
100MB,diff,15000,6508598,0,64,0,0,0,0.039752,0,0
200MB,iso,20000,13047198,0,64,0,0,0,23.315127,0,0
200MB,diff,20000,13047198,0,64,0,0,0,0.078139,0,0
500MB,iso,30000,32677998,0,64,0,0,0,89.271071,0,0
500MB,diff,30000,32677998,0,64,0,0,0,0.197371,0,0
